{
  "_format": "hh3-sol-build-info-1",
  "id": "solc-0_8_28-f37323d7632e9bd4d742f24179246d3fbc86760f",
  "solcVersion": "0.8.28",
  "solcLongVersion": "0.8.28+commit.7893614a",
  "userSourceNameMap": {
    "contracts/TokenSale.sol": "project/contracts/TokenSale.sol"
  },
  "input": {
    "language": "Solidity",
    "settings": {
      "evmVersion": "cancun",
      "optimizer": {
        "enabled": true,
        "runs": 200
      },
      "outputSelection": {
        "*": {
          "": [
            "ast"
          ],
          "*": [
            "abi",
            "evm.bytecode",
            "evm.deployedBytecode",
            "evm.methodIdentifiers",
            "metadata"
          ]
        }
      },
      "remappings": []
    },
    "sources": {
      "project/contracts/TokenSale.sol": {
        "content": "//SPDX-License-Identifier: MIT\r\npragma solidity 0.8.28;\r\n\r\ninterface IERC20 {\r\n    function transfer(address to, uint amount) external;\r\n\r\n    function decimals() external view returns (uint);\r\n}\r\n\r\ncontract TokenSale {\r\n    uint tokenPriceInWei = 1 ether;\r\n\r\n    IERC20 token;\r\n\r\n    constructor(address _token) {\r\n        token = IERC20(_token);\r\n    }\r\n\r\n    function purchase() public payable {\r\n        require(msg.value >= tokenPriceInWei, \"Not enough money sent\");\r\n        uint tokensToTransfer = msg.value / tokenPriceInWei;\r\n        uint remainder = msg.value - tokensToTransfer * tokenPriceInWei;\r\n        token.transfer(msg.sender, tokensToTransfer * 10 ** token.decimals());\r\n        payable(msg.sender).transfer(remainder); //send the rest back\r\n    }\r\n}\r\n"
      }
    }
  }
}