{
  "_format": "hh3-sol-build-info-1",
  "id": "solc-0_8_28-4013b1d753da56fd1ded42ef543f7a13e0ce120f",
  "solcVersion": "0.8.28",
  "solcLongVersion": "0.8.28+commit.7893614a",
  "userSourceNameMap": {
    "contracts/Counter.sol": "project/contracts/Counter.sol",
    "contracts/ERC20.sol": "project/contracts/ERC20.sol",
    "contracts/IERC20.sol": "project/contracts/IERC20.sol",
    "contracts/TerraNusa.sol": "project/contracts/TerraNusa.sol",
    "contracts/TokenSale.sol": "project/contracts/TokenSale.sol"
  },
  "input": {
    "language": "Solidity",
    "settings": {
      "evmVersion": "cancun",
      "outputSelection": {
        "*": {
          "": [
            "ast"
          ],
          "*": [
            "abi",
            "evm.bytecode",
            "evm.deployedBytecode",
            "evm.methodIdentifiers",
            "metadata"
          ]
        }
      },
      "remappings": []
    },
    "sources": {
      "project/contracts/Counter.sol": {
        "content": "// SPDX-License-Identifier: UNLICENSED\npragma solidity ^0.8.28;\n\ncontract Counter {\n  uint public x;\n\n  event Increment(uint by);\n\n  function inc() public {\n    x++;\n    emit Increment(1);\n  }\n\n  function incBy(uint by) public {\n    require(by > 0, \"incBy: increment should be positive\");\n    x += by;\n    emit Increment(by);\n  }\n}\n"
      },
      "project/contracts/ERC20.sol": {
        "content": "// SPDX-License-Identifier: MIT\r\npragma solidity ^0.8.26;\r\n\r\nimport \"./IERC20.sol\";\r\n\r\ncontract ERC20 is IERC20 {\r\n    event Transfer(address indexed from, address indexed to, uint256 value);\r\n    event Approval(\r\n        address indexed owner,\r\n        address indexed spender,\r\n        uint256 value\r\n    );\r\n\r\n    uint256 public totalSupply;\r\n    mapping(address => uint256) public balanceOf;\r\n    mapping(address => mapping(address => uint256)) public allowance;\r\n    string public name;\r\n    string public symbol;\r\n    uint8 public decimals;\r\n\r\n    constructor(string memory _name, string memory _symbol, uint8 _decimals) {\r\n        name = _name;\r\n        symbol = _symbol;\r\n        decimals = _decimals;\r\n    }\r\n\r\n    function transfer(\r\n        address recipient,\r\n        uint256 amount\r\n    ) external returns (bool) {\r\n        balanceOf[msg.sender] -= amount;\r\n        balanceOf[recipient] += amount;\r\n        emit Transfer(msg.sender, recipient, amount);\r\n        return true;\r\n    }\r\n\r\n    function approve(address spender, uint256 amount) external returns (bool) {\r\n        allowance[msg.sender][spender] = amount;\r\n        emit Approval(msg.sender, spender, amount);\r\n        return true;\r\n    }\r\n\r\n    function transferFrom(\r\n        address sender,\r\n        address recipient,\r\n        uint256 amount\r\n    ) external returns (bool) {\r\n        allowance[sender][msg.sender] -= amount;\r\n        balanceOf[sender] -= amount;\r\n        balanceOf[recipient] += amount;\r\n        emit Transfer(sender, recipient, amount);\r\n        return true;\r\n    }\r\n\r\n    function _mint(address to, uint256 amount) internal {\r\n        balanceOf[to] += amount;\r\n        totalSupply += amount;\r\n        emit Transfer(address(0), to, amount);\r\n    }\r\n\r\n    function _burn(address from, uint256 amount) internal {\r\n        balanceOf[from] -= amount;\r\n        totalSupply -= amount;\r\n        emit Transfer(from, address(0), amount);\r\n    }\r\n\r\n    function mint(address to, uint256 amount) external {\r\n        _mint(to, amount);\r\n    }\r\n\r\n    function burn(address from, uint256 amount) external {\r\n        _burn(from, amount);\r\n    }\r\n}\r\n"
      },
      "project/contracts/IERC20.sol": {
        "content": "// SPDX-License-Identifier: MIT\r\npragma solidity ^0.8.26;\r\n\r\ninterface IERC20 {\r\n    function totalSupply() external view returns (uint256);\r\n\r\n    function balanceOf(address account) external view returns (uint256);\r\n\r\n    function transfer(\r\n        address recipient,\r\n        uint256 amount\r\n    ) external returns (bool);\r\n\r\n    function allowance(\r\n        address owner,\r\n        address spender\r\n    ) external view returns (uint256);\r\n\r\n    function approve(address spender, uint256 amount) external returns (bool);\r\n\r\n    function transferFrom(\r\n        address sender,\r\n        address recipient,\r\n        uint256 amount\r\n    ) external returns (bool);\r\n}\r\n"
      },
      "project/contracts/TerraNusa.sol": {
        "content": "// SPDX-License-Identifier: MIT\r\npragma solidity ^0.8.26;\r\n\r\nimport \"./ERC20.sol\";\r\n\r\ncontract TerraNusa is ERC20 {\r\n    constructor(\r\n        string memory name,\r\n        string memory symbol,\r\n        uint8 decimals\r\n    ) ERC20(name, symbol, decimals) {\r\n        // Mint 100 tokens to msg.sender\r\n        // Similar to how\r\n        // 1 dollar = 100 cents\r\n        // 1 token = 1 * (10 ** decimals)\r\n        _mint(msg.sender, 10000 * 10 ** uint256(decimals));\r\n    }\r\n}\r\n"
      },
      "project/contracts/TokenSale.sol": {
        "content": "//SPDX-License-Identifier: MIT\r\npragma solidity 0.8.28;\r\n\r\ninterface IERC20 {\r\n    function transfer(address to, uint amount) external;\r\n\r\n    function decimals() external view returns (uint);\r\n}\r\n\r\ncontract TokenSale {\r\n    uint tokenPriceInWei = 1 ether;\r\n\r\n    IERC20 token;\r\n\r\n    constructor(address _token) {\r\n        token = IERC20(_token);\r\n    }\r\n\r\n    function purchase() public payable {\r\n        require(msg.value >= tokenPriceInWei, \"Not enough money sent\");\r\n        uint tokensToTransfer = msg.value / tokenPriceInWei;\r\n        uint remainder = msg.value - tokensToTransfer * tokenPriceInWei;\r\n        token.transfer(msg.sender, tokensToTransfer * 10 ** token.decimals());\r\n        payable(msg.sender).transfer(remainder); //send the rest back\r\n    }\r\n}\r\n"
      }
    }
  }
}