{"contracts/Counter.sol":{"jobHash":"solc-0_8_28-3cf78ffd563e71214aa1c6f0535657fdd3def742","isolated":false,"artifactPaths":["D:\\KULIAH\\Semester 5\\Emerging Tech\\node-erc20-token\\artifacts\\contracts\\Counter.sol\\Counter.json"],"buildInfoPath":"D:\\KULIAH\\Semester 5\\Emerging Tech\\node-erc20-token\\artifacts\\build-info\\solc-0_8_28-4013b1d753da56fd1ded42ef543f7a13e0ce120f.json","buildInfoOutputPath":"D:\\KULIAH\\Semester 5\\Emerging Tech\\node-erc20-token\\artifacts\\build-info\\solc-0_8_28-4013b1d753da56fd1ded42ef543f7a13e0ce120f.output.json","typeFilePath":"D:\\KULIAH\\Semester 5\\Emerging Tech\\node-erc20-token\\artifacts\\contracts\\Counter.sol\\artifacts.d.ts","wasm":false},"contracts/Counter.t.sol":{"jobHash":"solc-0_8_28-9c46ce46fc521eac47ad23f52973b7968c150150","isolated":false,"artifactPaths":["D:\\KULIAH\\Semester 5\\Emerging Tech\\node-erc20-token\\cache\\test-artifacts\\contracts\\Counter.t.sol\\CounterTest.json"],"buildInfoPath":"D:\\KULIAH\\Semester 5\\Emerging Tech\\node-erc20-token\\cache\\test-artifacts\\build-info\\solc-0_8_28-9c46ce46fc521eac47ad23f52973b7968c150150.json","buildInfoOutputPath":"D:\\KULIAH\\Semester 5\\Emerging Tech\\node-erc20-token\\cache\\test-artifacts\\build-info\\solc-0_8_28-9c46ce46fc521eac47ad23f52973b7968c150150.output.json","wasm":false},"contracts/ERC20.sol":{"jobHash":"solc-0_8_28-e29da9592414a1f64501138f0e9d1690130fe10e","isolated":false,"artifactPaths":["D:\\KULIAH\\Semester 5\\Emerging Tech\\node-erc20-token\\artifacts\\contracts\\ERC20.sol\\ERC20.json"],"buildInfoPath":"D:\\KULIAH\\Semester 5\\Emerging Tech\\node-erc20-token\\artifacts\\build-info\\solc-0_8_28-4013b1d753da56fd1ded42ef543f7a13e0ce120f.json","buildInfoOutputPath":"D:\\KULIAH\\Semester 5\\Emerging Tech\\node-erc20-token\\artifacts\\build-info\\solc-0_8_28-4013b1d753da56fd1ded42ef543f7a13e0ce120f.output.json","typeFilePath":"D:\\KULIAH\\Semester 5\\Emerging Tech\\node-erc20-token\\artifacts\\contracts\\ERC20.sol\\artifacts.d.ts","wasm":false},"contracts/IERC20.sol":{"jobHash":"solc-0_8_28-d2270de62075940e61cabfc9fabeb7ce9e82b2fa","isolated":false,"artifactPaths":["D:\\KULIAH\\Semester 5\\Emerging Tech\\node-erc20-token\\artifacts\\contracts\\IERC20.sol\\IERC20.json"],"buildInfoPath":"D:\\KULIAH\\Semester 5\\Emerging Tech\\node-erc20-token\\artifacts\\build-info\\solc-0_8_28-4013b1d753da56fd1ded42ef543f7a13e0ce120f.json","buildInfoOutputPath":"D:\\KULIAH\\Semester 5\\Emerging Tech\\node-erc20-token\\artifacts\\build-info\\solc-0_8_28-4013b1d753da56fd1ded42ef543f7a13e0ce120f.output.json","typeFilePath":"D:\\KULIAH\\Semester 5\\Emerging Tech\\node-erc20-token\\artifacts\\contracts\\IERC20.sol\\artifacts.d.ts","wasm":false},"contracts/TerraNusa.sol":{"jobHash":"solc-0_8_28-0ae7c4026b3dae0da67d2f674069a919a70e8924","isolated":false,"artifactPaths":["D:\\KULIAH\\Semester 5\\Emerging Tech\\node-erc20-token\\artifacts\\contracts\\TerraNusa.sol\\TerraNusa.json"],"buildInfoPath":"D:\\KULIAH\\Semester 5\\Emerging Tech\\node-erc20-token\\artifacts\\build-info\\solc-0_8_28-4013b1d753da56fd1ded42ef543f7a13e0ce120f.json","buildInfoOutputPath":"D:\\KULIAH\\Semester 5\\Emerging Tech\\node-erc20-token\\artifacts\\build-info\\solc-0_8_28-4013b1d753da56fd1ded42ef543f7a13e0ce120f.output.json","typeFilePath":"D:\\KULIAH\\Semester 5\\Emerging Tech\\node-erc20-token\\artifacts\\contracts\\TerraNusa.sol\\artifacts.d.ts","wasm":false},"contracts/TokenSale.sol":{"jobHash":"solc-0_8_28-7c08343a32457f8b3a8a241d131c4e6718411e0c","isolated":false,"artifactPaths":["D:\\KULIAH\\Semester 5\\Emerging Tech\\node-erc20-token\\artifacts\\contracts\\TokenSale.sol\\IERC20.json","D:\\KULIAH\\Semester 5\\Emerging Tech\\node-erc20-token\\artifacts\\contracts\\TokenSale.sol\\TokenSale.json"],"buildInfoPath":"D:\\KULIAH\\Semester 5\\Emerging Tech\\node-erc20-token\\artifacts\\build-info\\solc-0_8_28-4013b1d753da56fd1ded42ef543f7a13e0ce120f.json","buildInfoOutputPath":"D:\\KULIAH\\Semester 5\\Emerging Tech\\node-erc20-token\\artifacts\\build-info\\solc-0_8_28-4013b1d753da56fd1ded42ef543f7a13e0ce120f.output.json","typeFilePath":"D:\\KULIAH\\Semester 5\\Emerging Tech\\node-erc20-token\\artifacts\\contracts\\TokenSale.sol\\artifacts.d.ts","wasm":false}}